<?xml version="1.0" encoding="utf-8"?>
<!--/744668/1410301/2.50/48/3/Integrated Circuit/-->
<quadcept_library>
  <setting unit="mil" />
  <textstyle name="Default" height="47.244094488189" strokewidth="7.8740157480315" charwidth="47.244094488189" />
  <textstyle name="Dimension" height="19.6850393700787" strokewidth="0" charwidth="19.6850393700787" />
  <textstyle name="H127W0635TH00762" height="50" strokewidth="3" charwidth="25" />
  <textstyle name="H15W15TH02" height="59.0551181102362" strokewidth="7.8740157480315" charwidth="59.0551181102362" />
  <padstyle name="r190_43.5" surface="True" plated="False" isvia="False" nopaste="False" nomask="True" complex="False" holesize="0">
    <padshape layer="TOP" shape="rectangle" width="17.125984251968" height="74.803149606298" />
    <padshape layer="TOP_SOLDER_MASK" shape="rectangle" width="25" height="82.67716535433" />
    <padshape layer="TOP_SOLDER_PASTE" shape="rectangle" width="17.125984251968" height="74.803149606298" />
  </padstyle>
  <footprint name="SOP64P1035X279-48N" originx="0" originy="0" pickpointx="0" pickpointy="0">
    <pcbpin number="1" name="1" style="r190_43.5" originx="-187.00787401575" originy="287.48031496063" rotation="90" />
    <pcbpin number="2" name="2" style="r190_43.5" originx="-187.00787401575" originy="262.51968503937" rotation="90" />
    <pcbpin number="3" name="3" style="r190_43.5" originx="-187.00787401575" originy="237.48031496063" rotation="90" />
    <pcbpin number="4" name="4" style="r190_43.5" originx="-187.00787401575" originy="212.51968503937" rotation="90" />
    <pcbpin number="5" name="5" style="r190_43.5" originx="-187.00787401575" originy="187.48031496063" rotation="90" />
    <pcbpin number="6" name="6" style="r190_43.5" originx="-187.00787401575" originy="162.51968503937" rotation="90" />
    <pcbpin number="7" name="7" style="r190_43.5" originx="-187.00787401575" originy="137.48031496063" rotation="90" />
    <pcbpin number="8" name="8" style="r190_43.5" originx="-187.00787401575" originy="112.51968503937" rotation="90" />
    <pcbpin number="9" name="9" style="r190_43.5" originx="-187.00787401575" originy="87.480314960629" rotation="90" />
    <pcbpin number="10" name="10" style="r190_43.5" originx="-187.00787401575" originy="62.519685039369" rotation="90" />
    <pcbpin number="11" name="11" style="r190_43.5" originx="-187.00787401575" originy="37.480314960629" rotation="90" />
    <pcbpin number="12" name="12" style="r190_43.5" originx="-187.00787401575" originy="12.51968503937" rotation="90" />
    <pcbpin number="13" name="13" style="r190_43.5" originx="-187.00787401575" originy="-12.51968503937" rotation="90" />
    <pcbpin number="14" name="14" style="r190_43.5" originx="-187.00787401575" originy="-37.480314960629" rotation="90" />
    <pcbpin number="15" name="15" style="r190_43.5" originx="-187.00787401575" originy="-62.519685039369" rotation="90" />
    <pcbpin number="16" name="16" style="r190_43.5" originx="-187.00787401575" originy="-87.480314960629" rotation="90" />
    <pcbpin number="17" name="17" style="r190_43.5" originx="-187.00787401575" originy="-112.51968503937" rotation="90" />
    <pcbpin number="18" name="18" style="r190_43.5" originx="-187.00787401575" originy="-137.48031496063" rotation="90" />
    <pcbpin number="19" name="19" style="r190_43.5" originx="-187.00787401575" originy="-162.51968503937" rotation="90" />
    <pcbpin number="20" name="20" style="r190_43.5" originx="-187.00787401575" originy="-187.48031496063" rotation="90" />
    <pcbpin number="21" name="21" style="r190_43.5" originx="-187.00787401575" originy="-212.51968503937" rotation="90" />
    <pcbpin number="22" name="22" style="r190_43.5" originx="-187.00787401575" originy="-237.48031496063" rotation="90" />
    <pcbpin number="23" name="23" style="r190_43.5" originx="-187.00787401575" originy="-262.51968503937" rotation="90" />
    <pcbpin number="24" name="24" style="r190_43.5" originx="-187.00787401575" originy="-287.48031496063" rotation="90" />
    <pcbpin number="25" name="25" style="r190_43.5" originx="187.00787401575" originy="-287.48031496063" rotation="90" />
    <pcbpin number="26" name="26" style="r190_43.5" originx="187.00787401575" originy="-262.51968503937" rotation="90" />
    <pcbpin number="27" name="27" style="r190_43.5" originx="187.00787401575" originy="-237.48031496063" rotation="90" />
    <pcbpin number="28" name="28" style="r190_43.5" originx="187.00787401575" originy="-212.51968503937" rotation="90" />
    <pcbpin number="29" name="29" style="r190_43.5" originx="187.00787401575" originy="-187.48031496063" rotation="90" />
    <pcbpin number="30" name="30" style="r190_43.5" originx="187.00787401575" originy="-162.51968503937" rotation="90" />
    <pcbpin number="31" name="31" style="r190_43.5" originx="187.00787401575" originy="-137.48031496063" rotation="90" />
    <pcbpin number="32" name="32" style="r190_43.5" originx="187.00787401575" originy="-112.51968503937" rotation="90" />
    <pcbpin number="33" name="33" style="r190_43.5" originx="187.00787401575" originy="-87.480314960629" rotation="90" />
    <pcbpin number="34" name="34" style="r190_43.5" originx="187.00787401575" originy="-62.519685039369" rotation="90" />
    <pcbpin number="35" name="35" style="r190_43.5" originx="187.00787401575" originy="-37.480314960629" rotation="90" />
    <pcbpin number="36" name="36" style="r190_43.5" originx="187.00787401575" originy="-12.51968503937" rotation="90" />
    <pcbpin number="37" name="37" style="r190_43.5" originx="187.00787401575" originy="12.51968503937" rotation="90" />
    <pcbpin number="38" name="38" style="r190_43.5" originx="187.00787401575" originy="37.480314960629" rotation="90" />
    <pcbpin number="39" name="39" style="r190_43.5" originx="187.00787401575" originy="62.519685039369" rotation="90" />
    <pcbpin number="40" name="40" style="r190_43.5" originx="187.00787401575" originy="87.480314960629" rotation="90" />
    <pcbpin number="41" name="41" style="r190_43.5" originx="187.00787401575" originy="112.51968503937" rotation="90" />
    <pcbpin number="42" name="42" style="r190_43.5" originx="187.00787401575" originy="137.48031496063" rotation="90" />
    <pcbpin number="43" name="43" style="r190_43.5" originx="187.00787401575" originy="162.51968503937" rotation="90" />
    <pcbpin number="44" name="44" style="r190_43.5" originx="187.00787401575" originy="187.48031496063" rotation="90" />
    <pcbpin number="45" name="45" style="r190_43.5" originx="187.00787401575" originy="212.51968503937" rotation="90" />
    <pcbpin number="46" name="46" style="r190_43.5" originx="187.00787401575" originy="237.48031496063" rotation="90" />
    <pcbpin number="47" name="47" style="r190_43.5" originx="187.00787401575" originy="262.51968503937" rotation="90" />
    <pcbpin number="48" name="48" style="r190_43.5" originx="187.00787401575" originy="287.48031496063" rotation="90" />
    <line layer="TOP_PLACE_BOUND" originx="-234.25196850393" originy="324.8031496063" endx="234.25196850393" endy="324.8031496063" width="1.9685039370079" />
    <line layer="TOP_PLACE_BOUND" originx="234.25196850393" originy="324.8031496063" endx="234.25196850393" endy="-324.8031496063" width="1.9685039370079" />
    <line layer="TOP_PLACE_BOUND" originx="234.25196850393" originy="-324.8031496063" endx="-234.25196850393" endy="-324.8031496063" width="1.9685039370079" />
    <line layer="TOP_PLACE_BOUND" originx="-234.25196850393" originy="-324.8031496063" endx="-234.25196850393" endy="324.8031496063" width="1.9685039370079" />
    <line layer="TOP_ASSEMBLY" originx="-147.44094488189" originy="312.51968503937" endx="147.44094488189" endy="312.51968503937" width="3.9370078740157" />
    <line layer="TOP_ASSEMBLY" originx="147.44094488189" originy="312.51968503937" endx="147.44094488189" endy="-312.51968503937" width="3.9370078740157" />
    <line layer="TOP_ASSEMBLY" originx="147.44094488189" originy="-312.51968503937" endx="-147.44094488189" endy="-312.51968503937" width="3.9370078740157" />
    <line layer="TOP_ASSEMBLY" originx="-147.44094488189" originy="-312.51968503937" endx="-147.44094488189" endy="312.51968503937" width="3.9370078740157" />
    <line layer="TOP_ASSEMBLY" originx="-147.44094488189" originy="287.48031496063" endx="-122.44094488189" endy="312.51968503937" width="3.9370078740157" />
    <line layer="TOP_SILKSCREEN" originx="-135.82677165354" originy="312.51968503937" endx="135.82677165354" endy="312.51968503937" width="7.8740157480314" />
    <line layer="TOP_SILKSCREEN" originx="135.82677165354" originy="312.51968503937" endx="135.82677165354" endy="-312.51968503937" width="7.8740157480314" />
    <line layer="TOP_SILKSCREEN" originx="135.82677165354" originy="-312.51968503937" endx="-135.82677165354" endy="-312.51968503937" width="7.8740157480314" />
    <line layer="TOP_SILKSCREEN" originx="-135.82677165354" originy="-312.51968503937" endx="-135.82677165354" endy="312.51968503937" width="7.8740157480314" />
    <line layer="TOP_SILKSCREEN" originx="-224.40944881889" originy="309.84251968504" endx="-149.6062992126" endy="309.84251968504" width="7.8740157480314" />
  </footprint>
  <symbol name="SN74ABT16374ADLR" originx="0" originy="0">
    <line originx="200" originy="100" endx="1000" endy="100" width="0" />
    <line originx="1000" originy="-2400" endx="1000" endy="100" width="0" />
    <line originx="1000" originy="-2400" endx="200" endy="-2400" width="0" />
    <line originx="200" originy="100" endx="200" endy="-2400" width="0" />
    <sympin number="1" originx="200" originy="0" rotation="180" length="100" width="7.8740157480315" flipped="False">
      <text name="pinname" originx="230" originy="0" style="Default" rotation="0" justify="left" flipped="False" hidden="False" data="1\OE" />
      <text name="pindes" originx="140" originy="20" style="Default" rotation="0" justify="lowerright" flipped="False" hidden="False" data="1" />
    </sympin>
    <sympin number="2" originx="200" originy="-100" rotation="180" length="100" width="7.8740157480315" flipped="False">
      <text name="pinname" originx="230" originy="-100" style="Default" rotation="0" justify="left" flipped="False" hidden="False" data="1Q1" />
      <text name="pindes" originx="140" originy="-80" style="Default" rotation="0" justify="lowerright" flipped="False" hidden="False" data="2" />
    </sympin>
    <sympin number="3" originx="200" originy="-200" rotation="180" length="100" width="7.8740157480315" flipped="False">
      <text name="pinname" originx="230" originy="-200" style="Default" rotation="0" justify="left" flipped="False" hidden="False" data="1Q2" />
      <text name="pindes" originx="140" originy="-180" style="Default" rotation="0" justify="lowerright" flipped="False" hidden="False" data="3" />
    </sympin>
    <sympin number="4" originx="200" originy="-300" rotation="180" length="100" width="7.8740157480315" flipped="False">
      <text name="pinname" originx="230" originy="-300" style="Default" rotation="0" justify="left" flipped="False" hidden="False" data="GND_1" />
      <text name="pindes" originx="140" originy="-280" style="Default" rotation="0" justify="lowerright" flipped="False" hidden="False" data="4" />
    </sympin>
    <sympin number="5" originx="200" originy="-400" rotation="180" length="100" width="7.8740157480315" flipped="False">
      <text name="pinname" originx="230" originy="-400" style="Default" rotation="0" justify="left" flipped="False" hidden="False" data="1Q3" />
      <text name="pindes" originx="140" originy="-380" style="Default" rotation="0" justify="lowerright" flipped="False" hidden="False" data="5" />
    </sympin>
    <sympin number="6" originx="200" originy="-500" rotation="180" length="100" width="7.8740157480315" flipped="False">
      <text name="pinname" originx="230" originy="-500" style="Default" rotation="0" justify="left" flipped="False" hidden="False" data="1Q4" />
      <text name="pindes" originx="140" originy="-480" style="Default" rotation="0" justify="lowerright" flipped="False" hidden="False" data="6" />
    </sympin>
    <sympin number="7" originx="200" originy="-600" rotation="180" length="100" width="7.8740157480315" flipped="False">
      <text name="pinname" originx="230" originy="-600" style="Default" rotation="0" justify="left" flipped="False" hidden="False" data="VCC_1" />
      <text name="pindes" originx="140" originy="-580" style="Default" rotation="0" justify="lowerright" flipped="False" hidden="False" data="7" />
    </sympin>
    <sympin number="8" originx="200" originy="-700" rotation="180" length="100" width="7.8740157480315" flipped="False">
      <text name="pinname" originx="230" originy="-700" style="Default" rotation="0" justify="left" flipped="False" hidden="False" data="1Q5" />
      <text name="pindes" originx="140" originy="-680" style="Default" rotation="0" justify="lowerright" flipped="False" hidden="False" data="8" />
    </sympin>
    <sympin number="9" originx="200" originy="-800" rotation="180" length="100" width="7.8740157480315" flipped="False">
      <text name="pinname" originx="230" originy="-800" style="Default" rotation="0" justify="left" flipped="False" hidden="False" data="1Q6" />
      <text name="pindes" originx="140" originy="-780" style="Default" rotation="0" justify="lowerright" flipped="False" hidden="False" data="9" />
    </sympin>
    <sympin number="10" originx="200" originy="-900" rotation="180" length="100" width="7.8740157480315" flipped="False">
      <text name="pinname" originx="230" originy="-900" style="Default" rotation="0" justify="left" flipped="False" hidden="False" data="GND_2" />
      <text name="pindes" originx="140" originy="-880" style="Default" rotation="0" justify="lowerright" flipped="False" hidden="False" data="10" />
    </sympin>
    <sympin number="11" originx="200" originy="-1000" rotation="180" length="100" width="7.8740157480315" flipped="False">
      <text name="pinname" originx="230" originy="-1000" style="Default" rotation="0" justify="left" flipped="False" hidden="False" data="1Q7" />
      <text name="pindes" originx="140" originy="-980" style="Default" rotation="0" justify="lowerright" flipped="False" hidden="False" data="11" />
    </sympin>
    <sympin number="12" originx="200" originy="-1100" rotation="180" length="100" width="7.8740157480315" flipped="False">
      <text name="pinname" originx="230" originy="-1100" style="Default" rotation="0" justify="left" flipped="False" hidden="False" data="1Q8" />
      <text name="pindes" originx="140" originy="-1080" style="Default" rotation="0" justify="lowerright" flipped="False" hidden="False" data="12" />
    </sympin>
    <sympin number="13" originx="200" originy="-1200" rotation="180" length="100" width="7.8740157480315" flipped="False">
      <text name="pinname" originx="230" originy="-1200" style="Default" rotation="0" justify="left" flipped="False" hidden="False" data="2Q1" />
      <text name="pindes" originx="140" originy="-1180" style="Default" rotation="0" justify="lowerright" flipped="False" hidden="False" data="13" />
    </sympin>
    <sympin number="14" originx="200" originy="-1300" rotation="180" length="100" width="7.8740157480315" flipped="False">
      <text name="pinname" originx="230" originy="-1300" style="Default" rotation="0" justify="left" flipped="False" hidden="False" data="2Q2" />
      <text name="pindes" originx="140" originy="-1280" style="Default" rotation="0" justify="lowerright" flipped="False" hidden="False" data="14" />
    </sympin>
    <sympin number="15" originx="200" originy="-1400" rotation="180" length="100" width="7.8740157480315" flipped="False">
      <text name="pinname" originx="230" originy="-1400" style="Default" rotation="0" justify="left" flipped="False" hidden="False" data="GND_3" />
      <text name="pindes" originx="140" originy="-1380" style="Default" rotation="0" justify="lowerright" flipped="False" hidden="False" data="15" />
    </sympin>
    <sympin number="16" originx="200" originy="-1500" rotation="180" length="100" width="7.8740157480315" flipped="False">
      <text name="pinname" originx="230" originy="-1500" style="Default" rotation="0" justify="left" flipped="False" hidden="False" data="2Q3" />
      <text name="pindes" originx="140" originy="-1480" style="Default" rotation="0" justify="lowerright" flipped="False" hidden="False" data="16" />
    </sympin>
    <sympin number="17" originx="200" originy="-1600" rotation="180" length="100" width="7.8740157480315" flipped="False">
      <text name="pinname" originx="230" originy="-1600" style="Default" rotation="0" justify="left" flipped="False" hidden="False" data="2Q4" />
      <text name="pindes" originx="140" originy="-1580" style="Default" rotation="0" justify="lowerright" flipped="False" hidden="False" data="17" />
    </sympin>
    <sympin number="18" originx="200" originy="-1700" rotation="180" length="100" width="7.8740157480315" flipped="False">
      <text name="pinname" originx="230" originy="-1700" style="Default" rotation="0" justify="left" flipped="False" hidden="False" data="VCC_2" />
      <text name="pindes" originx="140" originy="-1680" style="Default" rotation="0" justify="lowerright" flipped="False" hidden="False" data="18" />
    </sympin>
    <sympin number="19" originx="200" originy="-1800" rotation="180" length="100" width="7.8740157480315" flipped="False">
      <text name="pinname" originx="230" originy="-1800" style="Default" rotation="0" justify="left" flipped="False" hidden="False" data="2Q5" />
      <text name="pindes" originx="140" originy="-1780" style="Default" rotation="0" justify="lowerright" flipped="False" hidden="False" data="19" />
    </sympin>
    <sympin number="20" originx="200" originy="-1900" rotation="180" length="100" width="7.8740157480315" flipped="False">
      <text name="pinname" originx="230" originy="-1900" style="Default" rotation="0" justify="left" flipped="False" hidden="False" data="2Q6" />
      <text name="pindes" originx="140" originy="-1880" style="Default" rotation="0" justify="lowerright" flipped="False" hidden="False" data="20" />
    </sympin>
    <sympin number="21" originx="200" originy="-2000" rotation="180" length="100" width="7.8740157480315" flipped="False">
      <text name="pinname" originx="230" originy="-2000" style="Default" rotation="0" justify="left" flipped="False" hidden="False" data="GND_4" />
      <text name="pindes" originx="140" originy="-1980" style="Default" rotation="0" justify="lowerright" flipped="False" hidden="False" data="21" />
    </sympin>
    <sympin number="22" originx="200" originy="-2100" rotation="180" length="100" width="7.8740157480315" flipped="False">
      <text name="pinname" originx="230" originy="-2100" style="Default" rotation="0" justify="left" flipped="False" hidden="False" data="2Q7" />
      <text name="pindes" originx="140" originy="-2080" style="Default" rotation="0" justify="lowerright" flipped="False" hidden="False" data="22" />
    </sympin>
    <sympin number="23" originx="200" originy="-2200" rotation="180" length="100" width="7.8740157480315" flipped="False">
      <text name="pinname" originx="230" originy="-2200" style="Default" rotation="0" justify="left" flipped="False" hidden="False" data="2Q8" />
      <text name="pindes" originx="140" originy="-2180" style="Default" rotation="0" justify="lowerright" flipped="False" hidden="False" data="23" />
    </sympin>
    <sympin number="24" originx="200" originy="-2300" rotation="180" length="100" width="7.8740157480315" flipped="False">
      <text name="pinname" originx="230" originy="-2300" style="Default" rotation="0" justify="left" flipped="False" hidden="False" data="2\OE" />
      <text name="pindes" originx="140" originy="-2280" style="Default" rotation="0" justify="lowerright" flipped="False" hidden="False" data="24" />
    </sympin>
    <sympin number="48" originx="1000" originy="0" rotation="0" length="100" width="7.8740157480315" flipped="False">
      <text name="pinname" originx="970" originy="0" style="Default" rotation="0" justify="right" flipped="False" hidden="False" data="1CLK" />
      <text name="pindes" originx="1060" originy="20" style="Default" rotation="0" justify="lowerleft" flipped="False" hidden="False" data="48" />
    </sympin>
    <sympin number="47" originx="1000" originy="-100" rotation="0" length="100" width="7.8740157480315" flipped="False">
      <text name="pinname" originx="970" originy="-100" style="Default" rotation="0" justify="right" flipped="False" hidden="False" data="1D1" />
      <text name="pindes" originx="1060" originy="-80" style="Default" rotation="0" justify="lowerleft" flipped="False" hidden="False" data="47" />
    </sympin>
    <sympin number="46" originx="1000" originy="-200" rotation="0" length="100" width="7.8740157480315" flipped="False">
      <text name="pinname" originx="970" originy="-200" style="Default" rotation="0" justify="right" flipped="False" hidden="False" data="1D2" />
      <text name="pindes" originx="1060" originy="-180" style="Default" rotation="0" justify="lowerleft" flipped="False" hidden="False" data="46" />
    </sympin>
    <sympin number="45" originx="1000" originy="-300" rotation="0" length="100" width="7.8740157480315" flipped="False">
      <text name="pinname" originx="970" originy="-300" style="Default" rotation="0" justify="right" flipped="False" hidden="False" data="GND_8" />
      <text name="pindes" originx="1060" originy="-280" style="Default" rotation="0" justify="lowerleft" flipped="False" hidden="False" data="45" />
    </sympin>
    <sympin number="44" originx="1000" originy="-400" rotation="0" length="100" width="7.8740157480315" flipped="False">
      <text name="pinname" originx="970" originy="-400" style="Default" rotation="0" justify="right" flipped="False" hidden="False" data="1D3" />
      <text name="pindes" originx="1060" originy="-380" style="Default" rotation="0" justify="lowerleft" flipped="False" hidden="False" data="44" />
    </sympin>
    <sympin number="43" originx="1000" originy="-500" rotation="0" length="100" width="7.8740157480315" flipped="False">
      <text name="pinname" originx="970" originy="-500" style="Default" rotation="0" justify="right" flipped="False" hidden="False" data="1D4" />
      <text name="pindes" originx="1060" originy="-480" style="Default" rotation="0" justify="lowerleft" flipped="False" hidden="False" data="43" />
    </sympin>
    <sympin number="42" originx="1000" originy="-600" rotation="0" length="100" width="7.8740157480315" flipped="False">
      <text name="pinname" originx="970" originy="-600" style="Default" rotation="0" justify="right" flipped="False" hidden="False" data="VCC_4" />
      <text name="pindes" originx="1060" originy="-580" style="Default" rotation="0" justify="lowerleft" flipped="False" hidden="False" data="42" />
    </sympin>
    <sympin number="41" originx="1000" originy="-700" rotation="0" length="100" width="7.8740157480315" flipped="False">
      <text name="pinname" originx="970" originy="-700" style="Default" rotation="0" justify="right" flipped="False" hidden="False" data="1D5" />
      <text name="pindes" originx="1060" originy="-680" style="Default" rotation="0" justify="lowerleft" flipped="False" hidden="False" data="41" />
    </sympin>
    <sympin number="40" originx="1000" originy="-800" rotation="0" length="100" width="7.8740157480315" flipped="False">
      <text name="pinname" originx="970" originy="-800" style="Default" rotation="0" justify="right" flipped="False" hidden="False" data="1D6" />
      <text name="pindes" originx="1060" originy="-780" style="Default" rotation="0" justify="lowerleft" flipped="False" hidden="False" data="40" />
    </sympin>
    <sympin number="39" originx="1000" originy="-900" rotation="0" length="100" width="7.8740157480315" flipped="False">
      <text name="pinname" originx="970" originy="-900" style="Default" rotation="0" justify="right" flipped="False" hidden="False" data="GND_7" />
      <text name="pindes" originx="1060" originy="-880" style="Default" rotation="0" justify="lowerleft" flipped="False" hidden="False" data="39" />
    </sympin>
    <sympin number="38" originx="1000" originy="-1000" rotation="0" length="100" width="7.8740157480315" flipped="False">
      <text name="pinname" originx="970" originy="-1000" style="Default" rotation="0" justify="right" flipped="False" hidden="False" data="1D7" />
      <text name="pindes" originx="1060" originy="-980" style="Default" rotation="0" justify="lowerleft" flipped="False" hidden="False" data="38" />
    </sympin>
    <sympin number="37" originx="1000" originy="-1100" rotation="0" length="100" width="7.8740157480315" flipped="False">
      <text name="pinname" originx="970" originy="-1100" style="Default" rotation="0" justify="right" flipped="False" hidden="False" data="1D8" />
      <text name="pindes" originx="1060" originy="-1080" style="Default" rotation="0" justify="lowerleft" flipped="False" hidden="False" data="37" />
    </sympin>
    <sympin number="36" originx="1000" originy="-1200" rotation="0" length="100" width="7.8740157480315" flipped="False">
      <text name="pinname" originx="970" originy="-1200" style="Default" rotation="0" justify="right" flipped="False" hidden="False" data="2D1" />
      <text name="pindes" originx="1060" originy="-1180" style="Default" rotation="0" justify="lowerleft" flipped="False" hidden="False" data="36" />
    </sympin>
    <sympin number="35" originx="1000" originy="-1300" rotation="0" length="100" width="7.8740157480315" flipped="False">
      <text name="pinname" originx="970" originy="-1300" style="Default" rotation="0" justify="right" flipped="False" hidden="False" data="2D2" />
      <text name="pindes" originx="1060" originy="-1280" style="Default" rotation="0" justify="lowerleft" flipped="False" hidden="False" data="35" />
    </sympin>
    <sympin number="34" originx="1000" originy="-1400" rotation="0" length="100" width="7.8740157480315" flipped="False">
      <text name="pinname" originx="970" originy="-1400" style="Default" rotation="0" justify="right" flipped="False" hidden="False" data="GND_6" />
      <text name="pindes" originx="1060" originy="-1380" style="Default" rotation="0" justify="lowerleft" flipped="False" hidden="False" data="34" />
    </sympin>
    <sympin number="33" originx="1000" originy="-1500" rotation="0" length="100" width="7.8740157480315" flipped="False">
      <text name="pinname" originx="970" originy="-1500" style="Default" rotation="0" justify="right" flipped="False" hidden="False" data="2D3" />
      <text name="pindes" originx="1060" originy="-1480" style="Default" rotation="0" justify="lowerleft" flipped="False" hidden="False" data="33" />
    </sympin>
    <sympin number="32" originx="1000" originy="-1600" rotation="0" length="100" width="7.8740157480315" flipped="False">
      <text name="pinname" originx="970" originy="-1600" style="Default" rotation="0" justify="right" flipped="False" hidden="False" data="2D4" />
      <text name="pindes" originx="1060" originy="-1580" style="Default" rotation="0" justify="lowerleft" flipped="False" hidden="False" data="32" />
    </sympin>
    <sympin number="31" originx="1000" originy="-1700" rotation="0" length="100" width="7.8740157480315" flipped="False">
      <text name="pinname" originx="970" originy="-1700" style="Default" rotation="0" justify="right" flipped="False" hidden="False" data="VCC_3" />
      <text name="pindes" originx="1060" originy="-1680" style="Default" rotation="0" justify="lowerleft" flipped="False" hidden="False" data="31" />
    </sympin>
    <sympin number="30" originx="1000" originy="-1800" rotation="0" length="100" width="7.8740157480315" flipped="False">
      <text name="pinname" originx="970" originy="-1800" style="Default" rotation="0" justify="right" flipped="False" hidden="False" data="2D5" />
      <text name="pindes" originx="1060" originy="-1780" style="Default" rotation="0" justify="lowerleft" flipped="False" hidden="False" data="30" />
    </sympin>
    <sympin number="29" originx="1000" originy="-1900" rotation="0" length="100" width="7.8740157480315" flipped="False">
      <text name="pinname" originx="970" originy="-1900" style="Default" rotation="0" justify="right" flipped="False" hidden="False" data="2D6" />
      <text name="pindes" originx="1060" originy="-1880" style="Default" rotation="0" justify="lowerleft" flipped="False" hidden="False" data="29" />
    </sympin>
    <sympin number="28" originx="1000" originy="-2000" rotation="0" length="100" width="7.8740157480315" flipped="False">
      <text name="pinname" originx="970" originy="-2000" style="Default" rotation="0" justify="right" flipped="False" hidden="False" data="GND_5" />
      <text name="pindes" originx="1060" originy="-1980" style="Default" rotation="0" justify="lowerleft" flipped="False" hidden="False" data="28" />
    </sympin>
    <sympin number="27" originx="1000" originy="-2100" rotation="0" length="100" width="7.8740157480315" flipped="False">
      <text name="pinname" originx="970" originy="-2100" style="Default" rotation="0" justify="right" flipped="False" hidden="False" data="2D7" />
      <text name="pindes" originx="1060" originy="-2080" style="Default" rotation="0" justify="lowerleft" flipped="False" hidden="False" data="27" />
    </sympin>
    <sympin number="26" originx="1000" originy="-2200" rotation="0" length="100" width="7.8740157480315" flipped="False">
      <text name="pinname" originx="970" originy="-2200" style="Default" rotation="0" justify="right" flipped="False" hidden="False" data="2D8" />
      <text name="pindes" originx="1060" originy="-2180" style="Default" rotation="0" justify="lowerleft" flipped="False" hidden="False" data="26" />
    </sympin>
    <sympin number="25" originx="1000" originy="-2300" rotation="0" length="100" width="7.8740157480315" flipped="False">
      <text name="pinname" originx="970" originy="-2300" style="Default" rotation="0" justify="right" flipped="False" hidden="False" data="2CLK" />
      <text name="pindes" originx="1060" originy="-2280" style="Default" rotation="0" justify="lowerleft" flipped="False" hidden="False" data="25" />
    </sympin>
  </symbol>
  <component name="SN74ABT16374ADLR" designatorprefix="IC" height="109.84251968504" footprint="SOP64P1035X279-48N">
    <comppin designator="1" sympin="1" pinswap="0" gateswap="0" gate="1" group="1" side="" type="Any" name="1|OE" />
    <comppin designator="2" sympin="2" pinswap="0" gateswap="0" gate="1" group="1" side="" type="Any" name="1Q1" />
    <comppin designator="3" sympin="3" pinswap="0" gateswap="0" gate="1" group="1" side="" type="Any" name="1Q2" />
    <comppin designator="4" sympin="4" pinswap="0" gateswap="0" gate="1" group="1" side="" type="Any" name="GND_1" />
    <comppin designator="5" sympin="5" pinswap="0" gateswap="0" gate="1" group="1" side="" type="Any" name="1Q3" />
    <comppin designator="6" sympin="6" pinswap="0" gateswap="0" gate="1" group="1" side="" type="Any" name="1Q4" />
    <comppin designator="7" sympin="7" pinswap="0" gateswap="0" gate="1" group="1" side="" type="Any" name="VCC_1" />
    <comppin designator="8" sympin="8" pinswap="0" gateswap="0" gate="1" group="1" side="" type="Any" name="1Q5" />
    <comppin designator="9" sympin="9" pinswap="0" gateswap="0" gate="1" group="1" side="" type="Any" name="1Q6" />
    <comppin designator="10" sympin="10" pinswap="0" gateswap="0" gate="1" group="1" side="" type="Any" name="GND_2" />
    <comppin designator="11" sympin="11" pinswap="0" gateswap="0" gate="1" group="1" side="" type="Any" name="1Q7" />
    <comppin designator="12" sympin="12" pinswap="0" gateswap="0" gate="1" group="1" side="" type="Any" name="1Q8" />
    <comppin designator="13" sympin="13" pinswap="0" gateswap="0" gate="1" group="1" side="" type="Any" name="2Q1" />
    <comppin designator="14" sympin="14" pinswap="0" gateswap="0" gate="1" group="1" side="" type="Any" name="2Q2" />
    <comppin designator="15" sympin="15" pinswap="0" gateswap="0" gate="1" group="1" side="" type="Any" name="GND_3" />
    <comppin designator="16" sympin="16" pinswap="0" gateswap="0" gate="1" group="1" side="" type="Any" name="2Q3" />
    <comppin designator="17" sympin="17" pinswap="0" gateswap="0" gate="1" group="1" side="" type="Any" name="2Q4" />
    <comppin designator="18" sympin="18" pinswap="0" gateswap="0" gate="1" group="1" side="" type="Any" name="VCC_2" />
    <comppin designator="19" sympin="19" pinswap="0" gateswap="0" gate="1" group="1" side="" type="Any" name="2Q5" />
    <comppin designator="20" sympin="20" pinswap="0" gateswap="0" gate="1" group="1" side="" type="Any" name="2Q6" />
    <comppin designator="21" sympin="21" pinswap="0" gateswap="0" gate="1" group="1" side="" type="Any" name="GND_4" />
    <comppin designator="22" sympin="22" pinswap="0" gateswap="0" gate="1" group="1" side="" type="Any" name="2Q7" />
    <comppin designator="23" sympin="23" pinswap="0" gateswap="0" gate="1" group="1" side="" type="Any" name="2Q8" />
    <comppin designator="24" sympin="24" pinswap="0" gateswap="0" gate="1" group="1" side="" type="Any" name="2|OE" />
    <comppin designator="25" sympin="25" pinswap="0" gateswap="0" gate="1" group="1" side="" type="Any" name="2CLK" />
    <comppin designator="26" sympin="26" pinswap="0" gateswap="0" gate="1" group="1" side="" type="Any" name="2D8" />
    <comppin designator="27" sympin="27" pinswap="0" gateswap="0" gate="1" group="1" side="" type="Any" name="2D7" />
    <comppin designator="28" sympin="28" pinswap="0" gateswap="0" gate="1" group="1" side="" type="Any" name="GND_5" />
    <comppin designator="29" sympin="29" pinswap="0" gateswap="0" gate="1" group="1" side="" type="Any" name="2D6" />
    <comppin designator="30" sympin="30" pinswap="0" gateswap="0" gate="1" group="1" side="" type="Any" name="2D5" />
    <comppin designator="31" sympin="31" pinswap="0" gateswap="0" gate="1" group="1" side="" type="Any" name="VCC_3" />
    <comppin designator="32" sympin="32" pinswap="0" gateswap="0" gate="1" group="1" side="" type="Any" name="2D4" />
    <comppin designator="33" sympin="33" pinswap="0" gateswap="0" gate="1" group="1" side="" type="Any" name="2D3" />
    <comppin designator="34" sympin="34" pinswap="0" gateswap="0" gate="1" group="1" side="" type="Any" name="GND_6" />
    <comppin designator="35" sympin="35" pinswap="0" gateswap="0" gate="1" group="1" side="" type="Any" name="2D2" />
    <comppin designator="36" sympin="36" pinswap="0" gateswap="0" gate="1" group="1" side="" type="Any" name="2D1" />
    <comppin designator="37" sympin="37" pinswap="0" gateswap="0" gate="1" group="1" side="" type="Any" name="1D8" />
    <comppin designator="38" sympin="38" pinswap="0" gateswap="0" gate="1" group="1" side="" type="Any" name="1D7" />
    <comppin designator="39" sympin="39" pinswap="0" gateswap="0" gate="1" group="1" side="" type="Any" name="GND_7" />
    <comppin designator="40" sympin="40" pinswap="0" gateswap="0" gate="1" group="1" side="" type="Any" name="1D6" />
    <comppin designator="41" sympin="41" pinswap="0" gateswap="0" gate="1" group="1" side="" type="Any" name="1D5" />
    <comppin designator="42" sympin="42" pinswap="0" gateswap="0" gate="1" group="1" side="" type="Any" name="VCC_4" />
    <comppin designator="43" sympin="43" pinswap="0" gateswap="0" gate="1" group="1" side="" type="Any" name="1D4" />
    <comppin designator="44" sympin="44" pinswap="0" gateswap="0" gate="1" group="1" side="" type="Any" name="1D3" />
    <comppin designator="45" sympin="45" pinswap="0" gateswap="0" gate="1" group="1" side="" type="Any" name="GND_8" />
    <comppin designator="46" sympin="46" pinswap="0" gateswap="0" gate="1" group="1" side="" type="Any" name="1D2" />
    <comppin designator="47" sympin="47" pinswap="0" gateswap="0" gate="1" group="1" side="" type="Any" name="1D1" />
    <comppin designator="48" sympin="48" pinswap="0" gateswap="0" gate="1" group="1" side="" type="Any" name="1CLK" />
    <attached_symbol gate="1" name="SN74ABT16374ADLR" />
    <pinmap designator="1" footprintpin="1" />
    <pinmap designator="2" footprintpin="2" />
    <pinmap designator="3" footprintpin="3" />
    <pinmap designator="4" footprintpin="4" />
    <pinmap designator="5" footprintpin="5" />
    <pinmap designator="6" footprintpin="6" />
    <pinmap designator="7" footprintpin="7" />
    <pinmap designator="8" footprintpin="8" />
    <pinmap designator="9" footprintpin="9" />
    <pinmap designator="10" footprintpin="10" />
    <pinmap designator="11" footprintpin="11" />
    <pinmap designator="12" footprintpin="12" />
    <pinmap designator="13" footprintpin="13" />
    <pinmap designator="14" footprintpin="14" />
    <pinmap designator="15" footprintpin="15" />
    <pinmap designator="16" footprintpin="16" />
    <pinmap designator="17" footprintpin="17" />
    <pinmap designator="18" footprintpin="18" />
    <pinmap designator="19" footprintpin="19" />
    <pinmap designator="20" footprintpin="20" />
    <pinmap designator="21" footprintpin="21" />
    <pinmap designator="22" footprintpin="22" />
    <pinmap designator="23" footprintpin="23" />
    <pinmap designator="24" footprintpin="24" />
    <pinmap designator="25" footprintpin="25" />
    <pinmap designator="26" footprintpin="26" />
    <pinmap designator="27" footprintpin="27" />
    <pinmap designator="28" footprintpin="28" />
    <pinmap designator="29" footprintpin="29" />
    <pinmap designator="30" footprintpin="30" />
    <pinmap designator="31" footprintpin="31" />
    <pinmap designator="32" footprintpin="32" />
    <pinmap designator="33" footprintpin="33" />
    <pinmap designator="34" footprintpin="34" />
    <pinmap designator="35" footprintpin="35" />
    <pinmap designator="36" footprintpin="36" />
    <pinmap designator="37" footprintpin="37" />
    <pinmap designator="38" footprintpin="38" />
    <pinmap designator="39" footprintpin="39" />
    <pinmap designator="40" footprintpin="40" />
    <pinmap designator="41" footprintpin="41" />
    <pinmap designator="42" footprintpin="42" />
    <pinmap designator="43" footprintpin="43" />
    <pinmap designator="44" footprintpin="44" />
    <pinmap designator="45" footprintpin="45" />
    <pinmap designator="46" footprintpin="46" />
    <pinmap designator="47" footprintpin="47" />
    <pinmap designator="48" footprintpin="48" />
    <text name="Datasheet" originx="0" originy="0" style="Default" rotation="0" justify="" flipped="False" hidden="True" data="http://www.ti.com/lit/gpn/sn74abt16374a" />
    <text name="Description" originx="0" originy="0" style="Default" rotation="0" justify="" flipped="False" hidden="True" data="16-Bit Edge-Triggered D-Type Fflip-Flops With 3-State Outputs" />
    <text name="Mouser Part Number" originx="0" originy="0" style="Default" rotation="0" justify="" flipped="False" hidden="True" data="595-SN74ABT16374ADLR" />
    <text name="Mouser Price/Stock" originx="0" originy="0" style="Default" rotation="0" justify="" flipped="False" hidden="True" data="https://www.mouser.com/Search/Refine.aspx?Keyword=595-SN74ABT16374ADLR" />
    <text name="Manufacturer_Name" originx="0" originy="0" style="Default" rotation="0" justify="" flipped="False" hidden="True" data="Texas Instruments" />
    <text name="Manufacturer_Part_Number" originx="1050" originy="200" style="Default" rotation="0" justify="left" flipped="False" hidden="False" data="SN74ABT16374ADLR" />
  </component>
</quadcept_library>
